qtr,sales,gdp,int,ad_spend,fuel_price,cci
1,42,5.2,10.5,85,72,98
2,44,5.5,10.3,88,73,100
3,46,5.8,10.1,92,74,102
4,48,6,9.8,95,75,105
5,50,6.2,9.5,100,76,108
6,47,5.4,10.2,90,78,101
7,45,5,10.8,85,80,96
8,43,4.8,11,82,82,94
9,49,6.3,9.2,105,77,110
10,52,6.5,9,110,76,112
11,54,6.8,8.8,115,75,115
12,56,7,8.5,120,74,118
13,53,6.1,9.2,108,77,110
14,50,5.5,10,95,80,103
15,47,5,10.8,88,82,98
16,45,4.6,11.2,82,85,94
17,48,5.8,9.6,100,79,106
18,52,6.4,9,110,76,112
19,58,7.2,8.2,125,73,120
20,62,7.5,8,130,72,125
21,60,6.8,8.5,122,74,118
22,57,6.2,9.2,110,77,110
23,52,5.5,10,95,80,102
24,48,5,10.8,88,83,97
25,45,4.5,11.5,80,86,92
26,47,5.2,10.5,90,82,98
27,50,5.8,9.8,100,79,105
28,55,6.5,9,115,76,112
29,60,7,8.4,125,74,118
30,65,7.8,7.8,140,72,130
41,70,7.8,7.5,155,70,135
42,66,7,8.2,140,73,125
43,60,6.2,9,120,77,115
44,55,5.5,10,100,82,105
45,50,5,11,90,85,98
46,53,6,9.5,110,79,108
47,59,6.8,8.8,125,75,118
48,65,7.5,8.2,140,73,126
49,72,8.2,7.5,160,70,138
50,78,9,6.8,180,68,150
61,82,9,6.5,200,66,160
62,76,8.2,7.2,180,69,148
63,70,7.5,8,160,72,135
64,65,7,8.8,145,75,125
65,60,6.5,9.5,130,78,118
66,63,7.2,8.5,150,73,130
67,70,8,7.5,170,70,142
68,78,9,6.8,200,66,158
69,88,10,6,230,63,175
70,95,11,5.5,260,60,190
71,92,10.5,5.8,250,62,185
72,85,9.5,6.5,220,65,170
73,78,8.5,7.5,190,69,150
74,72,7.8,8.5,170,73,140
75,65,7,9.5,150,78,125
76,68,7.8,8.2,165,72,138
77,75,8.5,7.2,190,69,150
78,85,9.5,6.5,220,65,170
79,95,10.5,5.8,250,62,185
80,105,11.5,5.2,280,58,205
81,100,10.8,5.5,270,60,195
82,92,9.8,6.2,240,64,175
83,85,9,7,220,68,160
84,78,8.2,8,200,72,145
85,70,7.5,9,175,76,130
86,75,8.5,7.5,210,69,150
87,85,9.5,6.5,240,65,170
88,98,10.8,5.8,270,61,190
89,110,12,5,300,58,215
90,120,13,4.5,330,55,235
91,115,12.5,4.8,320,57,225
92,105,11.5,5.5,290,60,205
93,95,10.5,6.2,260,64,185
94,85,9.5,7.2,230,69,165
95,75,8.5,8.2,200,73,145
96,80,9.2,7,225,67,160
97,92,10.5,6,260,63,185
98,105,11.8,5.2,300,59,210
99,118,13,4.5,340,55,235
100,130,14,4,380,52,260
