Quarter,Cement_Sales_000_Tons,Advertising_Rs_Lakh,Housing_Starts_000_Units,Average_Cement_Price_Rs_Bag,Rainfall_mm,GDP_Growth_Percent
2020Q1,77.3,18,72,340,120,3.2
2020Q2,81.9,20,75,344,260,4.1
2020Q3,94.8,22,78,347,310,5.0
2020Q4,114.7,25,82,350,95,5.4
2021Q1,111.3,24,80,352,110,5.8
2021Q2,111.5,26,84,355,280,6.1
2021Q3,116.6,27,86,358,340,6.3
2021Q4,134.6,30,90,361,100,6.5
2022Q1,130.3,29,91,364,130,6.6
2022Q2,132.5,31,94,368,300,6.8
2022Q3,133.1,33,97,371,355,6.9
2022Q4,151.3,35,100,374,105,7.0
2023Q1,149.1,34,101,378,125,7.1
2023Q2,145.7,36,104,382,315,7.2
2023Q3,152.9,38,108,386,370,7.3
2023Q4,169.2,40,112,390,110,7.4
2024Q1,165.6,39,114,394,135,7.5
2024Q2,162.3,41,117,398,325,7.6
2024Q3,169.3,43,121,402,385,7.7
2024Q4,188.1,46,126,406,115,7.8
