Month,Sales
1,82
2,78
3,85
4,88
5,92
6,95
7,90
8,87
9,93
10,110
11,135
12,160
13,90
14,84
15,92
16,95
17,100
18,105
19,98
20,96
21,102
22,120
23,150
24,178
25,95
26,88
27,97
28,102
29,108
30,112
31,104
32,101
33,109
34,130
35,162
36,190
37,102
38,95
39,105
40,110
41,118
42,125
43,115
44,112
45,120
46,145
47,180
48,210
49,110
50,102
51,112
52,118
53,125
54,132
55,122
56,118
57,128
58,155
59,192
60,225
61,120
62,110
63,122
64,130
65,138
66,145
67,135
68,130
69,140
70,170
71,210
72,250
